<?xml version="1.0" encoding="UTF-8"?>

<mule xmlns:json="http://www.mulesoft.org/schema/mule/json" xmlns:ws="http://www.mulesoft.org/schema/mule/ws" xmlns:http="http://www.mulesoft.org/schema/mule/http"
	xmlns:servicenow="http://www.mulesoft.org/schema/mule/servicenow"
	xmlns:dw="http://www.mulesoft.org/schema/mule/ee/dw"
	xmlns="http://www.mulesoft.org/schema/mule/core" xmlns:doc="http://www.mulesoft.org/schema/mule/documentation"
	xmlns:spring="http://www.springframework.org/schema/beans" 
	xmlns:xsi="http://www.w3.org/2001/XMLSchema-instance"
	xsi:schemaLocation="http://www.mulesoft.org/schema/mule/http http://www.mulesoft.org/schema/mule/http/current/mule-http.xsd
http://www.mulesoft.org/schema/mule/servicenow http://www.mulesoft.org/schema/mule/servicenow/current/mule-servicenow.xsd
http://www.mulesoft.org/schema/mule/ee/dw http://www.mulesoft.org/schema/mule/ee/dw/current/dw.xsd
http://www.springframework.org/schema/beans http://www.springframework.org/schema/beans/spring-beans-current.xsd
http://www.mulesoft.org/schema/mule/core http://www.mulesoft.org/schema/mule/core/current/mule.xsd
http://www.mulesoft.org/schema/mule/ws http://www.mulesoft.org/schema/mule/ws/current/mule-ws.xsd
http://www.mulesoft.org/schema/mule/json http://www.mulesoft.org/schema/mule/json/current/mule-json.xsd">
    <http:request-config name="HTTP_Request_ConfigurationSN" doc:name="HTTP Request Configuration">
        <http:basic-authentication username="admin" password="sKNrcUPT5RFRAuM"/>
    </http:request-config>
    <spring:beans>
        <spring:bean id="bJsonDiff" name="nJsonDiff" class="com.flipkart.zjsonpatch.JsonDiff"/>
    </spring:beans>

    <flow name="ci-systems-apiFlow">
        <http:listener config-ref="incident-api-httpListener" path="/ci/diff" doc:name="HTTP /ci/diff"/>
        <dw:transform-message doc:name="Transform Message">
            <dw:set-payload><![CDATA[%dw 1.0
%output application/java
---
payload]]></dw:set-payload>
            <dw:set-variable variableName="origPayload"><![CDATA[%dw 1.0
%output application/java
---
payloadAsString()
]]></dw:set-variable>
        </dw:transform-message>
        <dw:transform-message doc:name="Transform Message">
            <dw:set-payload><![CDATA[%dw 1.0
%output application/xml
%namespace ns0 http://www.service-now.com/cmdb_ci
---
{
	ns0#getRecords: {
		"__encoded_query": "serial_number=" ++ payload.serial_number ++ "^sys_updated_onONThis week@javascript:gs.beginningOfThisWeek()@javascript:gs.endOfThisWeek()"
		}
}]]></dw:set-payload>
        </dw:transform-message>
                <servicenow:invoke config-ref="ServiceNow__Basic_Configuration" type="cmdb_ci||getRecords" doc:name="ServiceNow"/>
        <dw:transform-message doc:name="Transform Message">
            <dw:set-payload><![CDATA[%dw 1.0
%output application/json
%namespace ns0 http://www.service-now.com/incident
---
{
	serial_number: payload.getRecordsResponse.getRecordsResult.serial_number,
   	asset_tag: payload.getRecordsResponse.getRecordsResult.asset_tag
}]]></dw:set-payload>
        </dw:transform-message>
        <component class="com.mulesoft.custom.kcs.JsonDiff" doc:name="Java"/>
        <dw:transform-message doc:name="Transform Message">
            <dw:set-payload><![CDATA[%dw 1.0
%output application/json
---
payload]]></dw:set-payload>
        </dw:transform-message>
    </flow>
    <flow name="ci-systems-apiFlow1">
        <http:listener config-ref="incident-api-httpListener" path="/compare" doc:name="HTTP /compare"/>
        <object-to-string-transformer doc:name="Object to String"/>
        <set-variable variableName="origPayload" value="#[payload]" doc:name="Variable"/>
        <component class="com.mulesoft.custom.kcs.JsonDiff" doc:name="Java"/>
        <dw:transform-message doc:name="Transform Message">
            <dw:set-payload><![CDATA[%dw 1.0
%output application/json
---
payload]]></dw:set-payload>
        </dw:transform-message>
    </flow>


    <flow name="ci-apiFlow">
        <http:listener config-ref="incident-api-httpListener" path="/ci/search" allowedMethods="POST" doc:name="HTTP /ci/search"/>
        <dw:transform-message doc:name="Define Encoded Query">
            <dw:set-payload><![CDATA[%dw 1.0
%output application/java
---
payload]]></dw:set-payload>
            <dw:set-variable variableName="origPayload"><![CDATA[%dw 1.0
%output application/java
---
payload.ptc]]></dw:set-variable>
        </dw:transform-message>
        <set-variable variableName="asset_tag" value="#[payload.ptc.asset_tag]" doc:name="Variable"/>
        <set-payload value="&quot;serial_number=&quot; ++ #[payload.locoid] ++ &quot;^sys_updated_onONThis week@javascript:gs.beginningOfThisWeek()@javascript:gs.endOfThisWeek()&quot;" doc:name="Set Payload"/>
        <logger message="#[payload]" level="INFO" doc:name="Logger"/>
        <dw:transform-message doc:name="Transform Message">
            <dw:set-payload><![CDATA[%dw 1.0
%output application/xml
%namespace ns0 http://www.service-now.com/cmdb_ci
---
{
	ns0#getRecords: {
		"__encoded_query": payload
		}
}]]></dw:set-payload>
        </dw:transform-message>
        <servicenow:invoke config-ref="ServiceNow__Basic_Configuration" type="cmdb_ci||getRecords" doc:name="ServiceNow"/>
        <dw:transform-message doc:name="Transform Message">
            <dw:set-payload><![CDATA[%dw 1.0
%output application/xml
%namespace ns0 http://www.service-now.com/incident
---
incident: {
   id: payload.getRecordsResponse.getRecordsResult.sys_id,
   name: payload.getRecordsResponse.getRecordsResult.name,
   asset_tag: payload.getRecordsResponse.getRecordsResult.asset_tag
}]]></dw:set-payload>
        </dw:transform-message>
        <logger message="*** ORIG asset tag = #[flowVars.asset_tag] and CMDB asset tag = #[payload.asset_tag] " level="INFO" doc:name="Logger"/>
    </flow>
</mule>
