<?xml version='1.0' encoding='UTF-8'?>
<?artifactRepository version='1.1.0'?>
<repository name='file:/Users/anweshrijal/opt/anypoint-studio-61/workspace/wrksp-kcs/azure-blob-service-connector-master/target/update-site/ - artifacts' type='org.eclipse.equinox.p2.artifact.repository.simpleRepository' version='1'>
  <properties size='2'>
    <property name='p2.timestamp' value='1477931592091'/>
    <property name='p2.compressed' value='false'/>
  </properties>
  <mappings size='3'>
    <rule filter='(&amp; (classifier=osgi.bundle))' output='${repoUrl}/plugins/${id}_${version}.jar'/>
    <rule filter='(&amp; (classifier=binary))' output='${repoUrl}/binary/${id}_${version}'/>
    <rule filter='(&amp; (classifier=org.eclipse.update.feature))' output='${repoUrl}/features/${id}_${version}.jar'/>
  </mappings>
  <artifacts size='2'>
    <artifact classifier='org.eclipse.update.feature' id='org.mule.tooling.ui.extension.azure-blob-service-connector.3.5.0' version='1.0.0.201610311132'>
      <properties size='4'>
        <property name='artifact.size' value='670'/>
        <property name='download.size' value='670'/>
        <property name='download.md5' value='c7fafba396aaaebb135199a84667f91b'/>
        <property name='download.contentType' value='application/zip'/>
      </properties>
    </artifact>
    <artifact classifier='osgi.bundle' id='org.mule.tooling.ui.contribution.azure-blob-service.3.5.0' version='1.0.0.201610311132'>
      <properties size='3'>
        <property name='artifact.size' value='1625039'/>
        <property name='download.size' value='1625039'/>
        <property name='download.md5' value='71ef8a58fcc0b7eb49e2f47e659251bf'/>
      </properties>
    </artifact>
  </artifacts>
</repository>
